{
  "music.tank": {
    "sounds": [
      {
        "name": "music/tank",
        "stream": true
      }
    ]
  },
  "music.tankreload": {
    "sounds": [
      {
        "name": "music/tankreload",
        "stream": true
      }
    ]
  },
  "music.airdef": {
    "sounds": [
      {
        "name": "music/airdef",
        "stream": true
      }
    ]
  },
  "music.attackaircraft": {
    "sounds": [
      {
        "name": "music/attackaircraft",
        "stream": true
      }
    ]
  },
  "music.cannonreload": {
    "sounds": [
      {
        "name": "music/cannonreload",
        "stream": true
      }
    ]
  },
  "music.dron": {
    "sounds": [
      {
        "name": "music/dron",
        "stream": true
      }
    ]
  }
}
