{
  "music.tank": {
    "sounds": [
      {
        "name": "music/tank",
        "stream": true
      }
    ]
  },
  "music.tankreload": {
    "sounds": [
      {
        "name": "music/tankreload",
        "stream": true
      }
    ]
  },
  "music.airdef": {
    "sounds": [
      {
        "name": "music/airdef",
        "stream": true
      }
    ]
  },
  "music.attackaircraft": {
    "sounds": [
      {
        "name": "music/attackaircraft",
        "stream": true
      }
    ]
  },
  "music.cannonreload": {
    "sounds": [
      {
        "name": "music/cannonreload",
        "stream": true
      }
    ]
  },
  "music.dron": {
    "sounds": [
      {
        "name": "music/dron",
        "stream": true
      }
    ]
  },
  "music.arta": {
    "sounds": [
      {
        "name": "music/arta",
        "stream": true
      }
    ]
  },
  "music.artareload": {
    "sounds": [
      {
        "name": "music/artareload",
        "stream": true
      }
    ]
  },
  "music.balista": {
    "sounds": [
      {
        "name": "music/balista",
        "stream": true
      }
    ]
  },
  "music.balistareload": {
    "sounds": [
      {
        "name": "music/balistareload",
        "stream": true
      }
    ]
  },
  "music.cannon": {
    "sounds": [
      {
        "name": "music/cannon",
        "stream": true
      }
    ]
  },
  "music.catapult": {
    "sounds": [
      {
        "name": "music/catapultreload",
        "stream": true
      }
    ]
  },
  "music.fieldgun": {
    "sounds": [
      {
        "name": "music/fieldgun",
        "stream": true
      }
    ]
  },
  "music.railwaygun": {
    "sounds": [
      {
        "name": "music/railwaygun",
        "stream": true
      }
    ]
  },
  "music.mortar": {
    "sounds": [
      {
        "name": "music/mortar",
        "stream": true
      }
    ]
  },
  "music.rocklaunchfirst": {
    "sounds": [
      {
        "name": "music/rocklaunchfirst",
        "stream": true
      }
    ]
  },
  "music.rocklaunchsecond": {
    "sounds": [
      {
        "name": "music/rocklaunchsecond",
        "stream": true
      }
    ]
  }
}
